rowIdZuellig,codeZuellig,rowIdLynXCRM,codeLynXCRM,distance
0,000100,1875,0011i000001xnYZ,3306
1,000396,1872,0011i000001xnDk,0
2,000481,1135,0011i000001xmls,322
3,000586,61,0011i000001xn60,41
4,000930,709,0011i00000X9Nb9,0
5,000964,1832,0011i000001xmzO,13
6,100002,972,0011i000001xnVL,0
7,100004,220,0011i000001xnEZ,0
8,100015,1408,0011i000001xmhM,0
9,100030,100,0011i000001xnPC,0
10,100060,235,0011i000001xnTl,0
11,100065,1631,0011i000001xmns,113
12,100070,2085,0011i000001xn7F,2157
13,100097,1751,0011i000001xnPv,0
14,100105,261,0011i000001xn5A,0
15,100114,214,0011i000001xmlo,166
16,100123,1411,0011i000001xnVQ,0
17,100125,214,0011i000001xmlo,52
18,100128,1254,0011i000001xn29,0
19,100132,1319,0011i000001xn79,0
20,100134,194,0011i000001xmft,0
21,100165,433,0011i000001xmqp,0
22,100176,282,0011i000001xn1d,0
23,100193,2019,0011i000001xnSk,0
24,100195,283,0011i000001xnRD,81
25,100202,1444,0011i000001xnQI,0
26,100209,1969,0011i000001xmnO,2334
27,100274,1657,0011i000001xnKJ,0
28,100340,1902,0011i000001xmvw,187
29,100342,2104,0011i000001xmkX,0
30,200001,699,0011i000001xnHV,24
31,200017,1694,0011i000001xmjG,0
32,200018,1582,0011i000001xnCw,4
33,200019,1250,0011i000001xnYR,114
34,200021,99,0011i000001xna9,397
35,200031,747,0011i000001xnX4,0
36,200033,1414,0011i000001xmbj,104
37,200034,1342,0011i000001xmis,139
38,200035,1356,0011i000001xnWv,0
39,200037,1342,0011i000001xmis,63
40,200043,1880,0011i000001xmwK,55
41,200044,1879,0011i000001xnNf,0
42,200045,1909,0011i000001xn9O,0
43,200046,916,0011i000001xn5k,0
44,200047,1822,0011i000001xnPx,10
45,200061,820,0011i000001xnXN,0
46,200062,843,0011i000001xms6,0
47,200063,1813,0011i000001xnDt,0
48,200069,796,0011i000001xmhw,0
49,200089,773,0011i000001xnMQ,0
50,200095,1117,0011i000001xmuv,0
51,200106,1417,0011i000001xnAw,17
52,200107,1775,0011i000001xmx3,0
53,200109,777,0011i000001xnN2,0
54,200110,2059,0011i000001xmrY,15
55,200112,1310,0011i000001xnaq,0
56,200117,766,0011i000001xmhg,0
57,200121,507,0011i000001xnVw,0
58,200124,1332,0011i000001xmv1,0
59,200126,83,0011i000001xnL6,132
60,200127,1809,0011i000001xnHY,0
61,200132,939,0011i000001xnOS,0
62,200133,1388,0011i000001xnVo,0
63,200136,60,0011i000001xnEV,0
64,200137,60,0011i000001xnEV,0
65,200140,1730,0011i000001xnFW,0
66,200151,1668,0011i000001xn62,84
67,200152,1283,0011i000001xn8y,0
68,200154,172,0011i000001xnCS,0
69,200157,1838,0011i000001xnDf,0
70,200158,1414,0011i000001xmbj,9
71,200164,76,0011i000001xmjd,0
72,200178,774,0011i000001xmmn,0
73,200181,807,0011i000001xmvK,0
74,200184,1337,0011i000001xnOx,0
75,200188,547,0011i000001xmmF,0
76,200192,1237,0011i000001xnBm,0
77,200193,1294,0011i000001xn98,0
78,200201,77,0011i000001xn6Z,0
79,200203,1728,0011i000001xnCP,0
80,200205,540,0011i000001xmsr,0
81,200206,1303,0011i000001xmlU,0
82,200223,143,0011i000001xnDg,8
83,200228,1379,0011i000001xnQH,0
84,200246,508,0011i000001xmmw,0
85,200247,711,0011i000001xmxR,0
86,200248,1296,0011i000001xmzh,0
87,200260,2117,0011i000001xnbN,0
88,200281,1908,0011i000001xnZg,88
89,200282,1468,0011i000001xnDr,6
90,200286,1694,0011i000001xmjG,32
91,200287,2069,0011i000001xnc3,0
92,200288,1395,0011i000001xn2v,12
93,200291,1106,0011i000001xmmr,0
94,200299,1286,0011i00000C7N8i,497
95,200305,79,0011i000001xnOt,48
96,200307,1073,0011i000001xn3t,526
97,200315,225,0011i000001xnaJ,0
98,200318,1338,0011i000001xnK3,0
99,200322,1333,0011i000001xnBn,0
100,200323,210,0011i000001xnBg,0
101,200330,1295,0011i000001xn7t,0
102,200333,1343,0011i000001xnCD,0
103,200336,1609,0011i000001xncV,0
104,200337,1581,0011i000001xnC8,0
105,200341,135,0011i000001xnBz,0
106,200346,1711,0011i000001xn23,78
107,200347,1239,0011i000001xnZx,0
108,200352,1163,0011i000001xmpV,0
109,200355,546,0011i000001xmqB,8
110,200368,1318,0011i000001xnc2,0
111,200369,1997,0011i000001xnDo,0
112,200373,207,0011i000001xmnv,10
113,200374,88,0011i000001xmhe,0
114,200377,9,0011i000001xnEt,0
115,200380,540,0011i000001xmsr,0
116,200387,503,0011i000001xndB,0
117,200388,959,0011i000001xn21,0
118,200391,1839,0011i000001xmur,0
119,200393,180,0011i000001xnKw,0
120,200395,189,0011i000001xnCt,19
121,200396,1593,0011i000001xmfi,0
122,200401,794,0011i000001xnVZ,0
123,200404,629,0011i000001xn90,0
124,200406,1812,0011i000001xn9C,0
125,200417,1236,0011i000001xnWa,123
126,200418,1404,0011i000001xmwl,13
127,200424,515,0011i000001xnCr,152
128,200427,1749,0011i000001xmqn,0
129,200429,855,0011i000001xnE3,0
130,200433,137,0011i000001xnBa,0
131,200434,449,0011i000001xndV,0
132,200436,1702,0011i000001xnD7,178
133,200450,546,0011i000001xmqB,8
134,200462,1415,0011i000001xnDY,0
135,200463,1415,0011i000001xnDY,0
136,200464,1216,0011i000001xnKy,0
137,200476,1957,0011i000001xnCh,0
138,200478,1357,0011i000001xmdC,0
139,200482,1416,0011i000001xnCi,0
140,200483,1722,0011i000001xmh7,9
141,200487,675,0011i000001xmoS,2
142,200495,458,0011i000001xmd4,6
143,200502,1418,0011i000001xnGz,0
144,200503,449,0011i000001xndV,16
145,200504,507,0011i000001xnVw,187
146,200519,62,0011i000001xnI7,0
147,200524,1889,0011i000001xmbM,0
148,200533,715,0011i000001xmqC,0
149,200534,500,0011i000001xmvb,0
150,200552,554,0011i00000k1W9i,0
151,200557,1479,0011i000001xnD3,0
152,200558,1457,0011i000001xnBX,15
153,200560,723,0011i000001xnMN,11
154,200561,146,0011i000007Ef46,169
155,200569,1866,0011i000001xmh9,0
156,200573,784,0011i000001xnW6,0
157,200575,541,0011i000001xnVs,0
158,200580,1702,0011i000001xnD7,198
159,200581,1726,0011i000001xmdT,0
160,200584,1868,0011i000002Id6y,0
161,200588,1416,0011i000001xnCi,23
162,200589,930,0011i000001xmqX,0
163,200590,1829,0011i000001xnL5,0
164,200594,1136,0011i000001xnDM,223
165,200598,184,0011i000001xmal,0
166,200601,143,0011i000001xnDg,0
167,200613,246,0011i000001xmye,0
168,200616,23,0011i000001xn1F,0
169,200630,547,0011i000001xmmF,0
170,200631,540,0011i000001xmsr,0
171,200635,505,0011i000001xnbG,244
172,200638,780,0011i000001xnQg,0
173,200642,755,0011i000001xn0g,0
174,200644,165,0011i000001xnTy,0
175,200647,456,0011i000001xnc9,0
176,200650,1478,0011i000001xmfD,14
177,200653,125,0011i000001xmub,0
178,200655,504,0011i000001xn5r,0
179,200656,919,0011i000001xmxF,35
180,200657,148,0011i000001xmwO,172
181,200659,540,0011i000001xmsr,0
182,200660,1382,0011i000001xmpE,0
183,200661,146,0011i000007Ef46,0
184,200668,1156,0011i000001xn6v,0
185,200669,448,0011i000001xmkv,0
186,200670,513,0011i000001xnU2,0
187,200674,1392,0011i000001xnCH,0
188,200689,1996,0011i000001xmbq,0
189,200698,1389,0011i000001xnWs,0
190,200706,260,0011i000001xmdG,147
191,200712,608,0011i000001xmgJ,0
192,200713,1898,0011i000001xnOM,108
193,200715,1161,0011i000001xn2h,8
194,200727,554,0011i00000k1W9i,0
195,200738,781,0011i000001xnWM,0
196,200749,1678,0011i000001xmjW,359
197,200774,1346,0011i000001xncX,0
198,200775,1458,0011i000001xmdl,0
199,200777,2077,0011i000001xnWL,0
200,200778,132,0011i000001xn10,0
201,200784,915,0011i000001xnAs,175
202,200787,1713,0011i000001xmq4,54
203,200793,525,0011i000001xmaj,0
204,200795,704,0011i000001xn9f,0
205,200798,1152,0011i000001xnBI,68
206,200800,253,0011i000001xncq,0
207,200803,770,0011i000001xn9g,0
208,200807,1473,0011i000001xndJ,94
209,200811,1480,0011i000001xn6z,0
210,200829,1598,0011i000001xmtN,0
211,200840,1672,0011i000001xnLT,0
212,200842,1758,0011i000001xmbE,0
213,200843,812,0011i000001xms2,0
214,200844,2096,0011i000001xn2p,188
215,200848,1209,0011i000001xncN,0
216,200853,1454,0011i000001xmuw,0
217,200854,1833,0011i000001xmbA,0
218,200856,1459,0011i000001xmpH,0
219,200863,1841,0011i000001xnWT,0
220,200865,541,0011i000001xnVs,0
221,200874,807,0011i000001xmvK,0
222,200876,1300,0011i000001xmm3,0
223,200877,1300,0011i000001xmm3,0
224,200881,1599,0011i000001xmsy,1
225,200886,1942,0011i000001xnC0,0
226,200887,67,0011i000001xmgy,0
227,200891,1480,0011i000001xn6z,0
228,200892,1784,0011i000001xn3S,0
229,200903,1941,0011i000001xmwY,0
230,200906,540,0011i000001xmsr,0
231,200910,554,0011i00000k1W9i,0
232,200916,1603,0011i000001xnL2,0
233,200920,2096,0011i000001xn2p,0
234,200924,2071,0011i000001xn33,0
235,200926,735,0011i000001xnX2,0
236,200935,44,0011i000001xmjc,0
237,200941,1284,0011i000001xmwZ,0
238,200947,1847,0011i000001xnQX,0
239,200955,1600,0011i000001xnD5,9
240,200961,541,0011i000001xnVs,0
241,200963,540,0011i000001xmsr,0
242,200968,2060,0011i000001xnXe,0
243,200971,706,0011i000001xmuF,0
244,200974,1275,0011i000001xn8c,0
245,200980,713,0011i000001xn9r,19
246,200982,608,0011i000001xmgJ,0
247,200984,100,0011i000001xnPC,329
248,200987,205,0011i000001xn7r,0
249,201003,212,0011i000001xmwf,86
250,201012,2086,0011i000001xnEo,14
251,201014,2086,0011i000001xnEo,0
252,201021,84,0011i000001xnCE,0
253,201026,85,0011i000001xn9c,0
254,201028,1430,0011i000001xncK,26
255,201030,1455,0011i000001xnd7,0
256,201032,541,0011i000001xnVs,0
257,201036,1588,0011i000001xnNN,219
258,201041,1901,0011i000001xn16,56
259,201047,1608,0011i000001xmzz,45
260,201048,2095,0011i000001xml7,0
261,201049,90,0011i000001xn2V,0
262,201050,1740,0011i000001xmlq,0
263,201054,1912,0011i000001xmmo,111
264,201055,1948,0011i000001xnPp,38
265,201059,1686,0011i000001xnW2,0
266,201060,1772,0011i000001xmao,0
267,201065,516,0011i000001xmfb,0
268,201072,1601,0011i000001xmuH,18
269,201074,249,0011i000001xnHE,0
270,201076,1765,0011i000001xmiG,0
271,201080,769,0011i000001xmbm,0
272,201085,946,0011i00000vJl2m,0
273,201091,1898,0011i000001xnOM,88
274,201093,2075,0011i000001xnXf,0
275,201097,1469,0011i000001xnWD,0
276,201201,1762,0011i000001xmjE,0
277,201202,1764,0011i000001xnC7,0
278,201208,541,0011i000001xnVs,0
279,201210,671,0011i000001xmdU,0
280,201218,557,0011i000001xn0a,0
281,201219,1767,0011i000001xmbN,0
282,201227,1288,0011i000001xnJF,0
283,201230,766,0011i000001xmhg,0
284,201231,800,0011i000001xmvI,0
285,201234,47,0011i000001xnd2,41
286,201236,843,0011i000001xms6,0
287,201237,1347,0011i000001xn8j,0
288,201239,712,0011i000001xnZW,0
289,201240,1465,0011i000001xnHI,44
290,201241,450,0011i000001xmfe,0
291,201251,2055,0011i000001xnB9,0
292,201256,1465,0011i000001xnHI,44
293,201266,1965,0011i000001xmjK,0
294,201276,1596,0011i000001xmug,0
295,201278,541,0011i000001xnVs,0
296,201283,1678,0011i000001xmjW,276
297,201286,2074,0011i000001xnQh,638
298,201290,1134,0011i000001xnbv,0
299,201291,1329,0011i000001xnPl,80
300,201292,76,0011i000001xmjd,11
301,201303,1125,0011i000001xmj7,0
302,201307,2012,0011i000001xnKf,933
303,201308,2003,0011i000001xmfM,0
304,201309,554,0011i00000k1W9i,0
305,201310,189,0011i000001xnCt,0
306,201312,1596,0011i000001xmug,467
307,201313,1750,0011i000001xmpj,0
308,201315,554,0011i00000k1W9i,0
309,201318,927,0011i000001xndA,0
310,201319,1840,0011i000001xnQ0,0
311,201320,1242,0011i000001xmcP,0
312,201324,1922,0011i000001xnHR,374
313,201329,1217,0011i000001xncj,0
314,201330,941,0011i000001xnWw,65
315,201331,1143,0011i000001xmrD,409
316,201335,1701,0011i000001xnJi,0
317,201336,1918,0011i000001xnIl,0
318,201338,772,0011i000001xnCA,0
319,201341,1867,0011i000001xnC6,0
320,201343,1766,0011i000001xmk9,0
321,201348,1818,0011i000001xmw8,0
322,201355,161,0011i000001xmbD,0
323,201358,142,0011i000001xnPz,0
324,201359,1121,0011i000001xnDE,0
325,201365,1474,0011i000001xnAe,158
326,201367,1673,0011i000001xmbu,55
327,201368,1683,0011i000001xnV6,0
328,201370,1828,0011i000001xn1f,0
329,201382,1956,0011i000001xn82,40
330,201384,2102,0011i00000vyv47,245
331,201388,1751,0011i000001xnPv,0
332,201395,1694,0011i000001xmjG,49
333,201396,225,0011i000001xnaJ,76
334,201398,1883,0011i000001xmwP,0
335,201399,796,0011i000001xmhw,0
336,201403,824,0011i000001xnIT,0
337,201412,796,0011i000001xmhw,0
338,201413,1610,0011i000001xmn6,0
339,201415,2057,0011i000001xnVY,0
340,201416,1490,0011i000001xmdO,0
341,201417,1912,0011i000001xmmo,89
342,201418,1108,0011i000001xmbn,0
343,201420,1582,0011i000001xnCw,0
344,201422,1271,0011i000001xnZf,0
345,201423,1700,0011i000001xnWt,0
346,201432,891,0011i000001xmv4,0
347,201442,2072,0011i000001xmst,0
348,201444,2065,0011i000001xmja,0
349,201445,2063,0011i000001xn9R,0
350,201452,2139,0011i000001xmm0,20
351,201459,1227,0011i000001xnR5,48
352,201460,1197,0011i000001xmz7,0
353,201461,1940,0011i000001xnRQ,0
354,201462,1209,0011i000001xncN,0
355,201463,1898,0011i000001xnOM,68
356,201467,503,0011i000001xndB,65
357,201469,1697,0011i000001xnd9,292
358,201473,1140,0011i000001xmfI,0
359,201474,706,0011i000001xmuF,0
360,201484,554,0011i00000k1W9i,0
361,201489,821,0011i000001xnIN,0
362,201490,1700,0011i000001xnWt,305
363,201492,1424,0011i000001xn1S,0
364,201495,843,0011i000001xms6,0
365,201499,1960,0011i000001xnL0,0
366,201503,554,0011i00000k1W9i,0
367,201506,807,0011i000001xmvK,0
368,201508,913,0011i000001xna0,0
369,201514,1806,0011i000001xnBv,0
370,201517,1414,0011i000001xmbj,0
371,201518,185,0011i000001xmyD,0
372,201519,1885,0011i000001xmeg,69
373,201520,554,0011i00000k1W9i,0
374,201521,528,0011i000001xnFB,0
375,201526,796,0011i000001xmhw,0
376,201533,1956,0011i000001xn82,0
377,201535,520,0011i000001xnKi,0
378,201536,1152,0011i000001xnBI,0
379,201542,835,0011i000001xnIL,0
380,201544,1801,0011i00000oXvbW,24
381,201549,1433,0011i000001xnLM,0
382,201553,1995,0011i000001xnTv,0
383,201556,541,0011i000001xnVs,0
384,201562,1435,0011i000001xnIe,0
385,201564,824,0011i000001xnIT,0
386,201569,959,0011i000001xn21,0
387,201581,25,0011i000001xmiO,0
388,201585,1849,0011i000001xnc6,40
389,201599,830,0011i000001xnFg,19
390,201619,748,0011i000001xnFG,0
391,201625,1300,0011i000001xmm3,10
392,201636,568,0011i000001xncz,0
393,201637,1304,0011i000001xnL7,0
394,201639,1673,0011i000001xmbu,40
395,201649,1118,0011i000001xnBw,0
396,201653,1437,0011i000001xnLI,36
397,201659,717,0011i000001xnMJ,9
398,201666,68,0011i000001xn5W,0
399,201671,5,0011i000001xmrK,373
400,201675,2120,0011i000001xnHG,827
401,201677,755,0011i000001xn0g,31
402,201679,1764,0011i000001xnC7,15
403,201680,65,0011i000001xn9T,168
404,201681,1338,0011i000001xnK3,20
405,201688,659,0011i000001xnBq,0
406,201689,547,0011i000001xmmF,0
407,201690,1769,0011i000001xmkP,0
408,201700,1426,0011i000001xnXr,372
409,201708,1471,0011i000001xmh5,0
410,201722,2100,0011i000001xmqK,219
411,201724,1784,0011i000001xn3S,0
412,201742,3,0011i000001xmyr,67
413,201743,1873,0011i000001xnNv,485
414,201748,1758,0011i000001xmbE,200
415,201750,3,0011i000001xmyr,66
416,201754,1973,0011i000001xnYF,0
417,201758,1736,0011i000001xn8Q,54
418,201768,1460,0011i000001xnX6,0
419,201771,843,0011i000001xms6,0
420,201775,1921,0011i000001xmtP,0
421,201780,1974,0011i000001xmfd,16
422,201782,2117,0011i000001xnbN,76
423,201784,458,0011i000001xmd4,6
424,201786,1976,0011i000001xmvY,0
425,201788,1787,0011i00000rZxw4,32
426,201796,826,0011i000001xnEr,0
427,201799,557,0011i000001xn0a,0
428,201802,1917,0011i000001xmrn,0
429,201804,1588,0011i000001xnNN,0
430,201806,1838,0011i000001xnDf,344
431,201808,1361,0011i000001xmtS,0
432,201810,1122,0011i000001xnbw,0
433,201814,1300,0011i000001xmm3,0
434,201819,1476,0011i000001xnDT,0
435,201820,843,0011i000001xms6,0
436,201825,159,0011i000001xnLL,80
437,201828,1426,0011i000001xnXr,62
438,201829,2014,0011i000001xnBi,0
439,201843,1335,0011i000001xmuB,0
440,201844,1900,0011i000007DbTn,251
441,201863,1640,0011i000001xnFM,19
442,201880,2063,0011i000001xn9R,90
443,201881,1158,0011i000001xmbz,0
444,201883,83,0011i000001xnL6,0
445,201885,1908,0011i000001xnZg,0
446,201886,857,0011i000001xmhk,0
447,201890,2023,0011i000001xnYO,0
448,201895,86,0011i000001xnVy,10
449,201904,936,0011i000001xn5d,423
450,201905,1614,0011i000001xmwE,0
451,201912,1608,0011i000001xmzz,48
452,201920,204,0011i000001xmcB,627
453,201922,1440,0011i000001xmgt,0
454,201924,1993,0011i000001xmjz,47
455,201928,1405,0011i000001xnK8,0
456,201929,1961,0011i000001xnL1,0
457,201934,136,0011i000001xmbr,0
458,201935,1290,0011i000001xnCx,0
459,201936,1410,0011i000001xnd8,0
460,201938,1234,0011i000001xnBP,0
461,201940,1466,0011i000001xnFQ,0
462,201943,1583,0011i000001xmzx,0
463,201949,1595,0011i000001xmoY,315
464,201951,512,0011i000001xnEP,0
465,201958,1781,0011i000001xnCF,25
466,201959,1785,0011i000001xnDc,0
467,201960,182,0011i000001xmx0,14
468,201967,675,0011i000001xmoS,0
469,201968,1779,0011i000001xnBJ,0
470,201978,564,0011i000001xnBV,0
471,201980,541,0011i000001xnVs,0
472,201984,540,0011i000001xmsr,0
473,201993,807,0011i000001xmvK,0
474,201994,1398,0011i000001xmoX,0
475,201999,1398,0011i000001xmoX,35
476,202000,796,0011i000001xmhw,0
477,202002,1314,0011i000001xnAA,0
478,202006,251,0011i000001xncc,235
479,202009,1269,0011i000001xnXl,0
480,202013,1923,0011i000001xnGD,63
481,202019,2008,0011i000001xn1a,0
482,202025,2019,0011i000001xnSk,128
483,202026,1114,0011i000001xndL,0
484,202027,175,0011i000005xAbY,160
485,202033,1697,0011i000001xnd9,0
486,202034,1586,0011i000001xnb8,0
487,202035,54,0011i000001xnCC,0
488,202036,2040,0011i000001xn59,460
489,202053,1280,0011i000001xmwd,0
490,202057,665,0011i000001xnU7,0
491,202064,1423,0011i000001xnZu,0
492,202066,1131,0011i00000tWN9p,57
493,202071,791,0011i000001xnP4,0
494,202077,48,0011i000001xn9E,0
495,202078,1468,0011i000001xnDr,215
496,202084,972,0011i000001xnVL,18
497,202092,1395,0011i000001xn2v,0
498,202105,2012,0011i000001xnKf,56
499,202106,1922,0011i000001xnHR,847
500,202109,1111,0011i000001xn5H,0
501,202112,1478,0011i000001xmfD,0
502,202116,2083,0011i000001xnDV,0
503,202119,1968,0011i000001xnL0,0
504,202122,1927,0011i000001xmq1,0
505,202126,793,0011i000001xn1t,2
506,202127,1643,0011i000001xnGM,0
507,202130,807,0011i000001xmvK,0
508,202132,2092,0011i000001xnLN,0
509,202133,1350,0011i000001xndN,0
510,202134,1642,0011i000001xnRA,0
511,202138,807,0011i000001xmvK,0
512,202139,523,0011i000001xn26,0
513,202141,784,0011i000001xnW6,539
514,202144,548,0011i000001xnUw,0
515,202158,1464,0011i000001xnL3,0
516,202159,1923,0011i000001xnGD,110
517,202160,796,0011i000001xmhw,0
518,202162,1843,0011i000001xnDL,60
519,202165,554,0011i00000k1W9i,0
520,202172,1706,0011i000001xnYm,0
521,202175,586,0011i000001xmxm,0
522,202176,554,0011i00000k1W9i,0
523,202178,1674,0011i000001xn8O,0
524,202185,207,0011i000001xmnv,32
525,202186,1502,0011i000001xnZy,262
526,202187,671,0011i000001xmdU,4
527,202188,1329,0011i000001xnPl,0
528,202190,2006,0011i000001xnKr,0
529,202191,1968,0011i000001xnL0,18
530,202195,1833,0011i000001xmbA,114
531,202203,541,0011i000001xnVs,0
532,202204,541,0011i000001xnVs,0
533,202205,850,0011i000001xmiK,0
534,202213,1919,0011i000001xnLy,0
535,202227,812,0011i000001xms2,0
536,202231,451,0011i000001xmfX,0
537,202234,1420,0011i000001xnSU,0
538,202239,1950,0011i000001xnbX,24
539,202243,554,0011i00000k1W9i,0
540,202245,964,0011i000001xmtf,0
541,202257,795,0011i000001xmvN,0
542,202263,830,0011i000001xnFg,19
543,202266,1713,0011i000001xmq4,0
544,202267,894,0011i000001xmv8,0
545,202275,168,0011i000001xnXJ,0
546,202288,1273,0011i000001xnTC,0
547,202290,1360,0011i000001xnQm,142
548,202307,62,0011i000001xnI7,88
549,202309,1227,0011i000001xnR5,0
550,202310,900,0011i000001xmv7,0
551,202315,477,0011i000001xmd4,4
552,202316,971,0011i000001xnJE,0
553,202322,807,0011i000001xmvK,0
554,202337,1593,0011i000001xmfi,6
555,202351,99,0011i000001xna9,60
556,202358,46,0011i000001xmhI,0
557,202361,2042,0011i000001xn6O,0
558,202374,843,0011i000001xms6,0
559,202378,2045,0011i000001xnUN,0
560,202379,1315,0011i000001xnNW,19
561,202391,805,0011i000001xnHl,0
562,202392,796,0011i000001xmhw,0
563,202394,700,0011i000001xnEq,53
564,202402,2052,0011i000001xmzb,47
565,202411,1950,0011i000001xnbX,0
566,202422,61,0011i000001xn60,0
567,202423,2125,0011i000001xn51,0
568,202425,2137,0011i00000llqpQ,109
569,202427,1653,0011i000001xmlz,0
570,202428,1142,0011i000001xmsF,0
571,202430,1810,0011i000001xmkN,0
572,202432,1654,0011i000001xmnA,0
573,202440,1137,0011i000001xmuf,0
574,202444,1962,0011i000001xnCM,188
575,202449,2074,0011i000001xnQh,0
576,202458,540,0011i000001xmsr,0
577,202460,718,0011i000001xn2A,2
578,202464,1601,0011i000001xmuH,18
579,202470,1334,0011i000001xmcy,0
580,202479,1890,0011i000001xnDC,164
581,202486,1760,0011i000001xnXu,0
582,202489,36,0011i000001xn4g,0
583,202493,6,0011i000001xn74,44
584,202496,850,0011i000001xmiK,0
585,202499,23,0011i000001xn1F,28
586,202503,1219,0011i000001xn9t,0
587,202518,540,0011i000001xmsr,0
588,202541,1163,0011i000001xmpV,22
589,202546,1774,0011i000001xn8V,9
590,202550,1612,0011i000001xnMF,0
591,202551,1442,0011i000001xn1u,0
592,202553,92,0011i000001xmpY,0
593,202555,964,0011i000001xmtf,0
594,202561,535,0011i000001xnLq,0
595,202576,909,0011i000001xnJU,0
596,202578,192,0011i000001xncr,0
597,202579,608,0011i000001xmgJ,0
598,202586,551,0011i000001xmp2,0
599,202589,963,0011i000001xmb4,0
600,202590,1169,0011i000001xnFi,15
601,202594,664,0011i000001xmku,0
602,202595,554,0011i00000k1W9i,0
603,202598,1183,0011i000001xn9U,14
604,202612,1884,0011i000001xndH,16
605,202622,1654,0011i000001xmnA,397
606,202623,608,0011i000001xmgJ,0
607,202626,1779,0011i000001xnBJ,0
608,202638,793,0011i000001xn1t,2
609,202650,1959,0011i000001xmbk,0
610,202651,1912,0011i000001xmmo,289
611,202652,1848,0011i000001xnRh,80
612,202656,1251,0011i000001xnUb,0
613,202658,2044,0011i000001xnZV,380
614,202659,1890,0011i000001xnDC,0
615,202660,1332,0011i000001xmv1,42
616,202661,860,0011i000001xmct,0
617,202665,800,0011i000001xmvI,0
618,202667,824,0011i000001xnIT,0
619,202668,713,0011i000001xn9r,8
620,202669,824,0011i000001xnIT,0
621,202670,728,0011i000001xnHf,0
622,202672,1784,0011i000001xn3S,0
623,202683,1892,0011i000001xnMk,52
624,202684,796,0011i000001xmhw,0
625,202692,796,0011i000001xmhw,0
626,202693,2051,0011i000001xnHQ,0
627,202696,740,0011i000001xmoN,0
628,202703,5,0011i000001xmrK,0
629,202812,1916,0011i000001xmrZ,195
630,202815,1467,0011i000001xmo3,224
631,202819,96,0011i000001xnVz,125
632,202829,1925,0011i000001xmhX,0
633,202837,554,0011i00000k1W9i,0
634,202841,608,0011i000001xmgJ,0
635,202842,1947,0011i000001xmyz,355
636,202844,1978,0011i000001xnFp,0
637,202846,728,0011i000001xnHf,0
638,202848,675,0011i000001xmoS,2
639,202850,586,0011i000001xmxm,0
640,202853,554,0011i00000k1W9i,0
641,202859,1161,0011i000001xn2h,0
642,202861,819,0011i000001xn0w,0
643,202871,1647,0011i000001xmoq,0
644,202873,856,0011i000001xmsY,0
645,202876,97,0011i000001xmrO,0
646,202878,458,0011i000001xmd4,323
647,202885,686,0011i000001xnbF,0
648,202887,1929,0011i000001xnBG,12
649,202924,1453,0011i000001xman,0
650,202925,2052,0011i000001xmzb,0
651,202928,1451,0011i000001xn5p,0
652,202930,2124,0011i000001xn3C,0
653,202932,724,0011i000001xmo7,0
654,202934,1920,0011i000001xnWC,129
655,202935,8,0011i000001xmk0,0
656,202939,830,0011i000001xnFg,0
657,202941,738,0011i000001xnZk,35
658,202944,1779,0011i000001xnBJ,0
659,202951,1387,0011i000001xmfm,149
660,202955,1737,0011i000001xmgp,0
661,202957,1492,0011i000001xn7y,345
662,202958,1381,0011i000001xn2D,0
663,202962,541,0011i000001xnVs,0
664,202967,1867,0011i000001xnC6,1262
665,202970,800,0011i000001xmvI,0
666,202973,921,0011i000001xmuu,0
667,202977,800,0011i000001xmvI,0
668,202978,540,0011i000001xmsr,0
669,202989,20,0011i000001xmkt,0
670,202990,2062,0011i000001xn7I,15
671,202991,640,0011i000001xnSH,0
672,202992,1797,0011i000001xmtQ,0
673,203014,842,0011i00000Xf140,0
674,203021,687,0011i000001xmvn,0
675,203023,775,0011i000001xmwm,287
676,203024,494,0011i000001xmnt,0
677,203026,17,0011i000001xmfF,0
678,203028,640,0011i000001xnSH,14
679,203031,169,0011i000001xmhG,0
680,203042,1790,0011i000001xmk5,0
681,203043,843,0011i000001xms6,0
682,203045,554,0011i00000k1W9i,0
683,203051,1126,0011i000001xnBM,0
684,203053,1234,0011i000001xnBP,679
685,203055,1172,0011i00000Xf145,22
686,203061,796,0011i000001xmhw,0
687,203065,1891,0011i000001xmxC,377
688,203072,1175,0011i000001xmqU,0
689,203077,596,0011i000001xmxb,0
690,203078,752,0011i000001xnNp,6
691,203084,1202,0011i000001xnWA,0
692,203096,447,0011i000001xmzN,7
693,203101,752,0011i000001xnNp,59
694,203105,793,0011i000001xn1t,2
695,203109,792,0011i000001xn46,0
696,203112,944,0011i000001xnDW,0
697,203115,1176,0011i000001xmvW,0
698,203132,2120,0011i000001xnHG,903
699,203146,843,0011i000001xms6,0
700,203149,458,0011i000001xmd4,0
701,203161,1972,0011i000001xn9p,0
702,203167,131,0011i000001xn5D,450
703,203190,1141,0011i000001xn7l,0
704,203191,747,0011i000001xnX4,19
705,203196,1665,0011i00000oUwti,93
706,203199,550,0011i000001xmx4,0
707,203207,791,0011i000001xnP4,0
708,203210,540,0011i000001xmsr,0
709,203212,718,0011i000001xn2A,0
710,203217,733,0011i00000Xf148,0
711,203239,945,0011i000001xmf1,7
712,203241,820,0011i000001xnXN,0
713,203244,944,0011i000001xnDW,0
714,203248,805,0011i000001xnHl,0
715,203250,805,0011i000001xnHl,0
716,203258,712,0011i000001xnZW,0
717,203270,946,0011i00000vJl2m,0
718,203275,1992,0011i00000vwapb,0
719,203280,2049,0011i000001xnPH,124
720,203286,2047,0011i000001xnD2,0
721,203345,1897,0011i000001xmmA,0
722,203346,824,0011i000001xnIT,0
723,203353,935,0011i000001xmuQ,47
724,203369,547,0011i000001xmmF,0
725,203372,926,0011i000001xmsf,0
726,203374,1451,0011i000001xn5p,1716
727,203376,1900,0011i000007DbTn,251
728,203382,1653,0011i000001xmlz,528
729,203384,17,0011i000001xmfF,146
730,203387,53,0011i000001xnbV,0
731,203388,712,0011i000001xnZW,0
732,203389,1884,0011i000001xndH,11
733,203393,1790,0011i000001xmk5,0
734,203394,1713,0011i000001xmq4,9
735,203395,2113,0011i000001xmiT,390
736,203403,795,0011i000001xmvN,0
737,203405,2136,0011i000001xmhi,0
738,203406,820,0011i000001xnXN,30
739,203408,133,0011i000001xmgG,0
740,203411,945,0011i000001xmf1,12
741,203418,1797,0011i000001xmtQ,0
742,203419,568,0011i000001xncz,0
743,203424,796,0011i000001xmhw,0
744,203432,1210,0011i000001xnQG,10
745,203437,944,0011i000001xnDW,0
746,203438,1731,0011i000001xndD,0
747,203452,1412,0011i000001xnbl,0
748,203453,32,0011i000001xn7P,0
749,203455,1747,0011i000001xmkQ,0
750,203459,554,0011i00000k1W9i,0
751,203465,159,0011i000001xnLL,0
752,203466,74,0011i000001xn7q,0
753,203467,540,0011i000001xmsr,0
754,203471,608,0011i000001xmgJ,12
755,203476,741,0011i000001xmc0,95
756,203478,616,0011i000001xmrH,0
757,203482,1719,0011i000001xnTS,0
758,203489,586,0011i000001xmxm,0
759,203491,1892,0011i000001xnMk,20
760,203496,557,0011i000001xn0a,0
761,203497,728,0011i000001xnHf,4
762,203502,912,0011i000001xmai,0
763,203503,96,0011i000001xnVz,0
764,203508,1609,0011i000001xncV,326
765,203514,1680,0011i000001xnQR,283
766,203518,795,0011i000001xmvN,0
767,203519,1,0011i000001xmm1,0
768,203520,1221,0011i000001xnKY,0
769,203521,550,0011i000001xmx4,0
770,203522,945,0011i000001xmf1,7
771,203523,1688,0011i000001xnVG,0
772,203524,1841,0011i000001xnWT,138
773,203525,2051,0011i000001xnHQ,0
774,203529,1248,0011i000001xn9s,0
775,203533,704,0011i000001xn9f,94
776,203542,684,0011i000001xml0,0
777,203544,55,0011i000001xnJL,0
778,203548,2113,0011i000001xmiT,321
779,203552,540,0011i000001xmsr,0
780,203579,557,0011i000001xn0a,0
781,203581,61,0011i000001xn60,255
782,203582,699,0011i000001xnHV,0
783,203585,442,0011i000001xnFj,0
784,203591,1808,0011i000001xmdF,0
785,203594,1164,0011i000001xn1b,15
786,203605,820,0011i000001xnXN,6
787,203608,147,0011i000001xnIx,0
788,203609,1850,0011i000001xmzy,0
789,203610,796,0011i000001xmhw,0
790,203611,1435,0011i000001xnIe,7
791,203619,734,0011i000001xmeY,0
792,203620,1953,0011i000001xnHN,0
793,203622,793,0011i000001xn1t,0
794,203624,1505,0011i000001xmyW,1328
795,203625,1309,0011i000001xmlw,138
796,203626,1851,0011i000001xnVW,438
797,203628,1901,0011i000001xn16,105
798,203631,580,0011i000001xnar,0
799,203633,2084,0011i00000FIGM6,0
800,203635,1708,0011i000001xmfL,0
801,203638,2118,0011i000001xmwS,0
802,203650,1166,0011i000001xmmO,0
803,203652,796,0011i000001xmhw,0
804,203653,843,0011i000001xms6,0
805,203654,796,0011i000001xmhw,0
806,203655,1123,0011i000001xn9S,0
807,203658,932,0011i000001xnOg,0
808,203661,1413,0011i000001xnKD,28
809,203662,23,0011i000001xn1F,99
810,203671,1202,0011i000001xnWA,0
811,203673,1890,0011i000001xnDC,128
812,203676,2126,0011i000001xnbk,334
813,203679,910,0011i000001xnbu,0
814,203680,1176,0011i000001xmvW,0
815,203687,346,0011i000001xn5Z,44
816,203689,1899,0011i000001xnRw,0
817,203691,512,0011i000001xnEP,0
818,203695,512,0011i000001xnEP,0
819,203698,1239,0011i000001xnZx,182
820,203703,512,0011i000001xnEP,0
821,203708,1618,0011i000001xmvv,0
822,203712,512,0011i000001xnEP,0
823,203729,540,0011i000001xmsr,0
824,203733,1421,0011i000001xmeh,0
825,203734,512,0011i000001xnEP,0
826,203737,1665,0011i00000oUwti,0
827,203742,2131,0011i000001xmmQ,12
828,203743,252,0011i000001xnU1,222
829,203745,2097,0011i000001xnT5,0
830,203748,820,0011i000001xnXN,0
831,203750,2130,0011i000001xn00,0
832,203752,1451,0011i000001xn5p,1294
833,203762,1380,0011i00000KM4Qc,85
834,203772,1451,0011i000001xn5p,1294
835,203773,1460,0011i000001xnX6,1449
836,203774,1460,0011i000001xnX6,1064
837,203780,1757,0011i000001xmk7,1
838,203793,1652,0011i000001xn8r,0
839,203794,1200,0011i000001xnKb,4
840,203798,1200,0011i000001xnKb,5
841,203802,175,0011i000005xAbY,0
842,203803,1491,0011i000002Id6z,162
843,203806,1203,0011i000001xn8n,0
844,203809,5,0011i000001xmrK,237
845,203818,512,0011i000001xnEP,0
846,203819,209,0011i000001xnDa,0
847,203828,1784,0011i000001xn3S,0
848,203833,1330,0011i000001xnLY,0
849,203834,2125,0011i000001xn51,459
850,203885,570,0011i000001xmnH,0
851,203887,527,0011i000001xnLV,0
852,203889,1442,0011i000001xn1u,11
853,203896,512,0011i000001xnEP,0
854,203900,1177,0011i00000oVWY5,0
855,300001,868,0011i000001xmht,0
856,300002,868,0011i000001xmht,0
857,300005,1779,0011i000001xnBJ,0
858,300006,868,0011i000001xmht,0
859,300007,1576,0011i000001xnNZ,0
860,300009,959,0011i000001xn21,0
861,300025,525,0011i000001xmaj,568
862,300040,1907,0011i000001xnZi,195
863,300064,1866,0011i000001xmh9,147
864,300076,651,0011i00000Xf13j,0
865,300077,626,0011i000001xmjv,0
866,300118,868,0011i000001xmht,0
867,300121,1190,0011i000001xmfJ,0
868,400001,1156,0011i000001xn6v,522
869,400002,707,0011i000001xn8t,0
870,400032,1639,0011i000001xncZ,87
871,400034,134,0011i000001xnb5,577
872,400050,747,0011i000001xnX4,19
873,400099,1280,0011i000001xmwd,643
874,400101,220,0011i000001xnEZ,0
875,400107,47,0011i000001xnd2,33
876,400127,1426,0011i000001xnXr,38
877,400140,1741,0011i000001xnVg,21
878,400141,1621,0011i000001xnPf,0
879,400143,1931,0011i000001xmnl,19
880,400144,1852,0011i000001xnYD,26
881,400145,2026,0011i000001xmr5,0
882,400146,2034,0011i000001xn5U,0
883,400147,1982,0011i000001xn5B,43
884,400153,100,0011i000001xnPC,0
885,400156,972,0011i000001xnVL,0
886,400157,235,0011i000001xnTl,49
887,400170,1227,0011i000001xnR5,264
888,400181,930,0011i000001xmqX,325
889,400185,1631,0011i000001xmns,0
890,400191,1423,0011i000001xnZu,1222
891,400194,1930,0011i000001xnKx,670
892,500047,83,0011i000001xnL6,95
893,500102,1329,0011i000001xnPl,110
894,500116,1369,0011i000001xmwo,0
895,500266,1685,0011i000001xnNM,78
896,501160,1292,0011i000001xn9v,66
897,501401,781,0011i000001xnWM,0
898,501531,1813,0011i000001xnDt,52
899,501696,826,0011i000001xnEr,0
900,501806,1424,0011i000001xn1S,973
901,502251,1731,0011i000001xndD,203
902,800011,1358,0011i000001xn1i,0
903,800468,1362,0011i000001xmig,42
904,801898,1463,0011i000001xmu8,0
905,802089,2076,0011i000001xnM4,0
906,802480,1697,0011i000001xnd9,18
907,802792,1413,0011i000001xnKD,27
908,802800,1673,0011i000001xmbu,0
909,802865,946,0011i00000vJl2m,0
910,803306,1980,0011i000001xn0s,0
911,803589,934,0011i000001xml5,0
912,803848,540,0011i000001xmsr,0
913,804152,1838,0011i000001xnDf,0
914,804217,2049,0011i000001xnPH,0
915,804363,1779,0011i000001xnBJ,0
916,804439,1602,0011i000001xnBN,0
917,804508,1383,0011i000001xmcQ,0
918,804540,2006,0011i000001xnKr,11
919,804734,225,0011i000001xnaJ,119
920,804853,714,0011i000001xn8R,0
921,805040,11,0011i000001xn5m,0
922,805136,99,0011i000001xna9,60
923,805153,807,0011i000001xmvK,0
924,805260,1830,0011i000001xmz9,0
925,805342,1899,0011i000001xnRw,0
926,805349,912,0011i000001xmai,12
927,805395,2021,0011i000001xnYk,0
928,805411,257,0011i000001xnas,0
929,805429,1252,0011i000001xmmW,0
930,805538,1347,0011i000001xn8j,0
931,807020,1766,0011i000001xmk9,10
932,807128,1402,0011i000001xnUI,0
933,807340,1234,0011i000001xnBP,497
934,807577,1616,0011i000001xn8w,333
935,900001,514,0011i000001xmnx,0
936,900221,2137,0011i00000llqpQ,83
937,900225,1818,0011i000001xmw8,796
938,900228,1440,0011i000001xmgt,909
939,900234,1328,0011i000001xnGe,10
940,900239,444,0011i000001xmbs,84
941,900241,1686,0011i000001xnW2,65
942,900250,1778,0011i000001xmi9,23
943,900255,96,0011i000001xnVz,123
944,900258,2100,0011i000001xmqK,177
945,900262,1369,0011i000001xmwo,136
946,900298,1902,0011i000001xmvw,28
947,900433,1940,0011i000001xnRQ,494
948,900435,1923,0011i000001xnGD,42
949,900453,626,0011i000001xmjv,0
950,900454,805,0011i000001xnHl,0
951,900464,755,0011i000001xn0g,6
952,900482,700,0011i000001xnEq,50
953,900610,706,0011i000001xmuF,54
954,900611,5,0011i000001xmrK,237
955,900615,1331,0011i000001xnZX,9
956,900621,957,0011i000001xnAr,71
957,900625,1132,0011i000001xmh4,44
958,900630,755,0011i000001xn0g,38
959,900641,485,0011i000001xmd4,288
960,900643,1901,0011i000001xn16,90
961,900644,1504,0011i000001xnGZ,310
962,900655,1940,0011i000001xnRQ,542
963,900910,1770,0011i000001xnQf,208
964,900916,214,0011i000001xmlo,112
965,900918,1901,0011i000001xn16,44
966,900922,1962,0011i000001xnCM,200
967,900927,1778,0011i000001xmi9,23
968,900928,1286,0011i00000C7N8i,203
969,900930,1643,0011i000001xnGM,26
970,900990,1770,0011i000001xnQf,182
971,900996,705,0011i000001xmy6,233
972,901022,951,0011i000001xmwG,9
973,901023,1851,0011i000001xnVW,223
974,901040,132,0011i000001xn10,522
975,901107,23,0011i000001xn1F,0
976,901119,711,0011i000001xmxR,17
977,901179,700,0011i000001xnEq,93
978,901218,775,0011i000001xmwm,256
979,901247,96,0011i000001xnVz,143
980,901253,1588,0011i000001xnNN,143
981,901328,1132,0011i000001xmh4,44
982,901402,2124,0011i000001xn3C,49
983,901449,23,0011i000001xn1F,37
984,901462,1993,0011i000001xmjz,9
985,901564,712,0011i000001xnZW,0
986,901594,1619,0011i000001xnMj,70
987,901717,2120,0011i000001xnHG,776
988,901721,2120,0011i000001xnHG,866
989,901812,705,0011i000001xmy6,272
990,901823,762,0011i000001xmce,147
991,901829,516,0011i000001xmfb,106
992,902036,1962,0011i000001xnCM,200
993,902049,762,0011i000001xmce,111
994,902168,0,0011i000001xnGc,79
995,902171,1680,0011i000001xnQR,290
996,902172,5,0011i000001xmrK,782
997,902189,147,0011i000001xnIx,56
998,902190,1923,0011i000001xnGD,42
999,902202,712,0011i000001xnZW,0
1000,902203,147,0011i000001xnIx,129
1001,902206,2120,0011i000001xnHG,790
1002,902207,2120,0011i000001xnHG,747
1003,902209,2120,0011i000001xnHG,1290
1004,902215,2019,0011i000001xnSk,143
1005,902229,2019,0011i000001xnSk,143
1006,902264,131,0011i000001xn5D,454
1007,902275,2120,0011i000001xnHG,984
1008,902312,512,0011i000001xnEP,0
1009,902335,83,0011i000001xnL6,23
1010,902364,1850,0011i000001xmzy,151
1011,902366,1850,0011i000001xmzy,161
1012,D33013,557,0011i000001xn0a,0
1013,D33111,755,0011i000001xn0g,38
1014,D33124,1208,0011i000001xn3x,0
1015,D33171,554,0011i00000k1W9i,0
1016,D33201,1902,0011i000001xmvw,0
1017,D33202,1361,0011i000001xmtS,127
1018,D33219,512,0011i000001xnEP,0
1019,D33251,1850,0011i000001xmzy,17
1020,D33266,1361,0011i000001xmtS,119
1021,D33322,1361,0011i000001xmtS,118
1022,D33374,1197,0011i000001xmz7,0
1023,D33375,1702,0011i000001xnD7,0
1024,D33376,1302,0011i000001xn0o,13
1025,D33547,805,0011i000001xnHl,0
1026,D33572,2115,0011i000001xmr8,0
1027,D33596,1678,0011i000001xmjW,0
1028,D33606,1992,0011i00000vwapb,57
1029,D33607,945,0011i000001xmf1,8
1030,D33669,1177,0011i00000oVWY5,11
1031,D33670,52,0011i000001xmfh,0
1032,D33717,549,0011i000001xndW,28
1033,D33767,1680,0011i000001xnQR,137
1034,D33794,1234,0011i000001xnBP,679
1035,D33876,9,0011i000001xnEt,234
1036,D33897,1197,0011i000001xmz7,0
1037,D34041,956,0011i000001xnBC,0
1038,D34044,512,0011i000001xnEP,0
1039,D34170,512,0011i000001xnEP,0
1040,D34230,1,0011i000001xmm1,52
1041,D34234,812,0011i000001xms2,12
1042,D34292,1786,0011i000001xnOU,0
1043,D63290,485,0011i000001xmd4,292
1044,D63293,1116,0011i000001xmz5,89
1045,D63310,791,0011i000001xnP4,0
1046,D63405,714,0011i000001xn8R,3
1047,D63432,503,0011i000001xndB,998
1048,D63754,1779,0011i000001xnBJ,0
1049,D63831,681,0011i000001xnAV,0
1050,D63903,512,0011i000001xnEP,0
1051,D63933,527,0011i000001xnLV,0
1052,D64454,554,0011i00000k1W9i,0
1053,D64799,533,0011i000001xnHf,23
1054,D64903,1851,0011i000001xnVW,0
1055,D65118,820,0011i000001xnXN,3
1056,D65268,821,0011i000001xnIN,104
1057,D65269,527,0011i000001xnLV,0
1058,D65271,1338,0011i000001xnK3,81
1059,D65739,549,0011i000001xndW,28
1060,D65851,800,0011i000001xmvI,0
1061,D65942,1486,0011i000001xnIR,0
1062,D66060,1881,0011i000001xn1o,525
1063,D66224,2120,0011i000001xnHG,776
1064,D66296,527,0011i000001xnLV,0
1065,D66432,2116,0011i000001xn7k,392
1066,D66535,527,0011i000001xnLV,0
1067,D66827,1784,0011i000001xn3S,0
1068,D67473,1169,0011i000001xnFi,0
1069,D67530,1156,0011i000001xn6v,247
1070,D67592,843,0011i000001xms6,0
1071,D67787,528,0011i000001xnFB,14
1072,D69107,1298,0011i000001xn5g,0
1073,E02461,1682,0011i000001xnTL,0
1074,E03036,1442,0011i000001xn1u,54
1075,E03119,1650,0011i000001xnHo,0
1076,E03327,175,0011i000005xAbY,195
1077,E03959,531,0011i000001xn8o,19
1078,E04020,1875,0011i000001xnYZ,2602
1079,E04307,1174,0011i000001xn0G,0
1080,E04589,945,0011i000001xmf1,0
1081,E04793,2139,0011i000001xmm0,0
1082,E05308,690,0011i000001xn0i,0
1083,E05588,2120,0011i000001xnHG,984
1084,E05595,27,0011i000001xn1G,0
1085,E05948,509,0011i000001xmvO,0
1086,E06212,1611,0011i00000TWqzG,233
1087,E06277,1733,0011i000001xnDK,0
1088,E06288,1781,0011i000001xnCF,0
1089,E06373,1996,0011i000001xmbq,547
1090,E06374,540,0011i000001xmsr,0
1091,E66808,2116,0011i000001xn7k,382
1092,E67995,1786,0011i000001xnOU,0
1093,E67996,868,0011i000001xmht,0
1094,E68094,1733,0011i000001xnDK,134
1095,E68259,1218,0011i000001xmzX,29
1096,E68571,2066,0011i000001xmsx,22
1097,E68723,512,0011i000001xnEP,0
1098,E68826,608,0011i000001xmgJ,0
1099,E69445,512,0011i000001xnEP,0
1100,E69481,1200,0011i000001xnKb,3
1101,E69483,1505,0011i000001xmyW,54
1102,E69602,687,0011i000001xmvn,54
1103,E69927,514,0011i000001xmnx,102
1104,E70255,741,0011i000001xmc0,59
1105,E70298,4,0011i000001xnAB,0
1106,E70320,1648,0011i000001xnAZ,0
1107,E70365,2129,0011i000001xnEi,0
1108,E70715,1851,0011i000001xnVW,217
1109,E70818,1200,0011i000001xnKb,0
1110,E70825,2120,0011i000001xnHG,1542
1111,E70856,796,0011i000001xmhw,0
1112,E70857,910,0011i000001xnbu,0
1113,E70909,752,0011i000001xnNp,69
1114,E71035,1657,0011i000001xnKJ,225
1115,F06522,2132,0011i000001xmkq,26
1116,F06525,554,0011i00000k1W9i,0
1117,F06758,2132,0011i000001xmkq,0
1118,F06912,188,0011i000001xnHF,0
1119,F07210,1905,0011i000001xnFf,0
1120,F07351,796,0011i000001xmhw,0
1121,F07418,80,0011i000001xmvs,0
1122,F08653,891,0011i000001xmv4,66
1123,F09016,547,0011i000001xmmF,0
1124,F10066,1940,0011i000001xnRQ,483
1125,F10123,445,0011i000001xmsT,0
1126,F10783,932,0011i000001xnOg,114
1127,F10849,2120,0011i000001xnHG,829
1128,F10889,2114,0011i00000ugAht,0
1129,F11001,1131,0011i00000tWN9p,0
1130,F11272,1073,0011i000001xn3t,532
1131,F11362,512,0011i000001xnEP,0
1132,F11367,527,0011i000001xnLV,0
1133,F11520,260,0011i000001xmdG,26
1134,F11809,1172,0011i00000Xf145,54
1135,F11833,2114,0011i00000ugAht,380
1136,F19750,1156,0011i000001xn6v,69
1137,F19802,915,0011i000001xnAs,63
1138,F20393,1657,0011i000001xnKJ,158
1139,F20488,1657,0011i000001xnKJ,130
1140,F20613,132,0011i000001xn10,241
1141,F20749,1176,0011i000001xmvW,0
1142,F21026,1657,0011i000001xnKJ,129
1143,F21410,704,0011i000001xn9f,86
1144,F21561,1423,0011i000001xnZu,1428
1145,F22317,1504,0011i000001xnGZ,177
1146,F22801,1313,0011i000001xn9z,0
1147,F23149,160,0011i000001xn93,573
1148,F23176,1200,0011i000001xnKb,4
1149,F23311,755,0011i000001xn0g,6
1150,F24435,528,0011i000001xnFB,8
1151,G00173,1779,0011i000001xnBJ,0
1152,G02315,1492,0011i000001xn7y,345
1153,G02423,1353,0011i000001xnWY,13
1154,G02429,932,0011i000001xnOg,114
1155,G03336,690,0011i000001xn0i,26
1156,G03360,1718,0011i00000ufvHu,0
1157,G03454,2120,0011i000001xnHG,1290
1158,G03529,1105,0011i000001xn8l,5
1159,G03530,1169,0011i000001xnFi,10
1160,G04153,175,0011i000005xAbY,174
1161,G04529,527,0011i000001xnLV,0
1162,G04987,6,0011i000001xn74,50
1163,G05142,2127,0011i00000EgdEU,453
1164,G05782,512,0011i000001xnEP,0
1165,G06459,2066,0011i000001xmsx,0
1166,G06830,1693,0011i000001xn9d,2
1167,G24528,540,0011i000001xmsr,0
1168,G52937,540,0011i000001xmsr,0
1169,G53342,512,0011i000001xnEP,0
1170,G53358,530,0011i000001xmpM,0
1171,G53519,251,0011i000001xncc,377
1172,G65149,1940,0011i000001xnRQ,601
1173,G65214,540,0011i000001xmsr,0
1174,G66630,541,0011i000001xnVs,0
1175,G66817,512,0011i000001xnEP,0
1176,G67585,2045,0011i000001xnUN,436
1177,G67642,1611,0011i00000TWqzG,0
1178,G67947,1639,0011i000001xncZ,0
1179,G68851,1819,0011i000002Id73,0
1180,G68852,1474,0011i000001xnAe,403
1181,G69451,175,0011i000005xAbY,174
1182,G69452,1755,0011i000001xmp0,1283
1183,G69453,1588,0011i000001xnNN,175
1184,G69454,1681,0011i000001xmgg,24
1185,G69456,1755,0011i000001xmp0,579
1186,G69459,1582,0011i000001xnCw,784
1187,G69461,61,0011i000001xn60,113
1188,G69463,1901,0011i000001xn16,659
1189,G69467,1588,0011i000001xnNN,175
1190,G69469,2019,0011i000001xnSk,228
1191,G69534,1656,0011i000001xnc1,0
1192,G69867,531,0011i000001xn8o,0
1193,G70120,921,0011i000001xmuu,3
1194,G70234,2008,0011i000001xn1a,72
1195,G70835,1280,0011i000001xmwd,651
1196,G70836,1881,0011i000001xn1o,525
1197,G71159,1595,0011i000001xmoY,15
1198,G71274,1962,0011i000001xnCM,205
1199,G71602,1588,0011i000001xnNN,175
1200,G71937,959,0011i000001xn21,0
1201,G99073,2102,0011i00000vyv47,2421
1202,G99486,512,0011i000001xnEP,0
1203,G99514,1451,0011i000001xn5p,1605
1204,G99706,1592,0011i000001xn01,0
1205,H07591,228,0011i000001xmki,0
1206,H50123,1411,0011i000001xnVQ,19
1207,H50227,1142,0011i000001xmsF,153
1208,H50923,2045,0011i000001xnUN,1037
1209,H50971,1153,0011i000001xn5z,465
1210,H53715,1651,0011i000007FFai,0
1211,H53792,512,0011i000001xnEP,0
1212,H55353,98,0011i000001xmbZ,7
1213,H55645,2137,0011i00000llqpQ,0
1214,H55657,1183,0011i000001xn9U,0
1215,H55908,536,0011i000007EVH6,0
1216,H56282,512,0011i000001xnEP,0
1217,H56468,709,0011i00000X9Nb9,1
1218,H58716,512,0011i000001xnEP,0
1219,H58881,1200,0011i000001xnKb,4
1220,H60791,528,0011i000001xnFB,12
1221,H60795,2120,0011i000001xnHG,776
1222,H61127,0,0011i000001xnGc,341
1223,H62188,1165,0011i000002Id76,0
1224,H63237,1875,0011i000001xnYZ,2476
1225,H63689,1295,0011i000001xn7t,303
1226,H63823,527,0011i000001xnLV,0
1227,H63848,213,0011i000001xmdE,44
1228,H64562,1209,0011i000001xncN,0
1229,H65518,1787,0011i00000rZxw4,0
1230,H65578,1657,0011i000001xnKJ,225
1231,H66388,945,0011i000001xmf1,8
1232,H66949,2127,0011i00000EgdEU,486
1233,H67933,512,0011i000001xnEP,0
1234,H70181,1940,0011i000001xnRQ,592
1235,H70300,2127,0011i00000EgdEU,351
1236,H78789,512,0011i000001xnEP,0
1237,H79066,549,0011i000001xndW,28
1238,H79071,1209,0011i000001xncN,0
1239,H79682,554,0011i00000k1W9i,0
1240,H87181,1197,0011i000001xmz7,0
1241,H87487,796,0011i000001xmhw,0
1242,H89801,1113,0011i000001xmlv,242
1243,H90158,1197,0011i000001xmz7,0
1244,H90894,2025,0011i000007Eavq,0
1245,H91370,1781,0011i000001xnCF,0
1246,H93230,1769,0011i000001xmkP,22
1247,I00997,1931,0011i000001xmnl,462
1248,I01728,245,0011i00000Egz8o,0
1249,I02142,795,0011i000001xmvN,0
1250,I03724,1172,0011i00000Xf145,0
1251,I03954,96,0011i000001xnVz,338
1252,I06285,52,0011i000001xmfh,58
1253,I06318,2021,0011i000001xnYk,0
1254,I07269,1128,0011i000001xnGC,0
1255,I09955,1380,0011i00000KM4Qc,0
1256,I11317,209,0011i000001xnDa,201
1257,I11640,796,0011i000001xmhw,0
1258,I11941,1784,0011i000001xn3S,0
1259,I12703,528,0011i000001xnFB,14
1260,I13841,2139,0011i000001xmm0,120
1261,I16788,2083,0011i000001xnDV,0
1262,I17624,639,0011i00000Xf13q,0
1263,I35822,554,0011i00000k1W9i,0
1264,I35830,1484,0011i00000UMnHv,0
1265,I36357,512,0011i000001xnEP,0
1266,I37782,794,0011i000001xnVZ,0
1267,I39086,2102,0011i00000vyv47,0
1268,I39145,700,0011i000001xnEq,93
1269,I39397,554,0011i00000k1W9i,0
1270,I39608,712,0011i000001xnZW,0
1271,I39947,701,0011i00000X6YRM,0
1272,I95109,2069,0011i000001xnc3,13
1273,I97890,1224,0011i000001xnDB,116
1274,I99892,512,0011i000001xnEP,0
1275,J41488,1588,0011i000001xnNN,79
1276,J42251,554,0011i00000k1W9i,0
1277,J43356,1731,0011i000001xndD,62
1278,J43754,2116,0011i000001xn7k,385
1279,J44012,87,0011i00000X992G,0
1280,J45096,2009,0011i00000l5Vag,0
1281,J45792,554,0011i00000k1W9i,0
1282,J46411,554,0011i00000k1W9i,0
1283,J46846,943,0011i00000LHDrr,0
1284,J47468,554,0011i00000k1W9i,0
1285,J47672,1200,0011i000001xnKb,4
1286,J48481,1156,0011i000001xn6v,235
1287,J49660,967,0011i000001xn4G,5
1288,J79328,946,0011i00000vJl2m,0
1289,J79519,1922,0011i000001xnHR,834
